createdAt,value
2025-03-31T20:59:39.362Z,0.00
2025-03-31T20:58:39.441Z,0.00
2025-03-31T20:57:39.443Z,0.00
2025-03-31T20:56:39.423Z,0.00
2025-03-31T20:55:39.372Z,0.00
2025-03-31T20:54:39.504Z,0.00
2025-03-31T20:53:45.530Z,0.00
2025-03-31T20:52:39.408Z,0.00
2025-03-31T20:51:39.412Z,0.00
2025-03-31T20:50:39.461Z,0.00
2025-03-31T20:49:39.684Z,0.00
2025-03-31T20:48:39.603Z,0.00
2025-03-31T20:47:39.702Z,0.00
2025-03-31T20:46:39.982Z,0.00
2025-03-31T20:45:39.582Z,0.00
2025-03-31T20:44:39.632Z,0.00
2025-03-31T20:43:45.751Z,0.00
2025-03-31T20:42:39.593Z,0.00
2025-03-31T20:41:39.534Z,0.00
2025-03-31T20:40:39.524Z,0.00
2025-03-31T20:39:39.597Z,0.00
2025-03-31T20:38:39.552Z,0.00
2025-03-31T20:37:39.581Z,0.00
2025-03-31T20:36:39.639Z,0.00
2025-03-31T20:35:39.722Z,0.00
2025-03-31T20:34:39.757Z,0.00
2025-03-31T20:33:48.318Z,0.00
2025-03-31T20:32:39.679Z,0.00
2025-03-31T20:31:39.687Z,0.00
2025-03-31T20:30:39.742Z,0.00
2025-03-31T20:29:39.675Z,0.00
2025-03-31T20:28:39.653Z,0.00
2025-03-31T20:27:39.722Z,0.00
2025-03-31T20:26:39.717Z,0.00
2025-03-31T20:25:39.712Z,0.00
2025-03-31T20:24:53.379Z,0.00
2025-03-31T20:21:22.098Z,0.00
2025-03-31T20:20:22.001Z,0.00
2025-03-31T20:19:22.389Z,0.00
2025-03-31T20:18:22.188Z,0.00
2025-03-31T20:17:22.030Z,0.00
2025-03-31T20:16:22.142Z,0.00
2025-03-31T20:15:22.166Z,0.00
2025-03-31T20:14:22.174Z,0.00
2025-03-31T20:13:22.072Z,0.00
2025-03-31T20:12:22.129Z,0.00
2025-03-31T20:11:22.280Z,0.00
2025-03-31T20:10:22.133Z,0.00
2025-03-31T20:09:22.203Z,0.00
2025-03-31T20:08:22.165Z,0.00
2025-03-31T20:07:22.144Z,0.00
2025-03-31T20:06:22.266Z,0.00
2025-03-31T20:05:22.259Z,0.00
2025-03-31T20:04:22.280Z,0.00
2025-03-31T20:03:22.452Z,0.00
2025-03-31T20:02:22.361Z,0.00
2025-03-31T20:01:22.272Z,0.00
2025-03-31T20:00:22.340Z,0.00
2025-03-31T19:59:22.226Z,0.00
2025-03-31T19:58:22.243Z,0.00
2025-03-31T19:57:22.364Z,0.00
2025-03-31T19:56:22.278Z,0.00
2025-03-31T19:55:22.291Z,0.00
2025-03-31T19:54:22.399Z,0.00
2025-03-31T19:53:22.334Z,0.00
2025-03-31T19:52:22.327Z,0.00
2025-03-31T19:51:22.613Z,0.00
2025-03-31T19:50:22.742Z,0.00
2025-03-31T19:49:22.629Z,0.00
2025-03-31T19:48:22.528Z,0.00
2025-03-31T19:47:22.507Z,0.00
2025-03-31T19:46:22.395Z,0.00
2025-03-31T19:45:22.470Z,0.00
2025-03-31T19:44:22.423Z,0.00
2025-03-31T19:43:22.518Z,0.00
2025-03-31T19:42:22.547Z,0.00
2025-03-31T19:41:22.448Z,0.00
2025-03-31T19:40:22.450Z,0.00
2025-03-31T19:39:22.531Z,0.00
2025-03-31T19:38:22.467Z,0.00
2025-03-31T19:37:22.479Z,0.00
2025-03-31T19:36:22.696Z,0.00
2025-03-31T19:35:22.633Z,0.00
2025-03-31T19:34:22.762Z,0.00
2025-03-31T19:33:22.611Z,0.00
2025-03-31T19:32:22.596Z,0.00
2025-03-31T19:31:22.540Z,0.00
2025-03-31T19:30:22.699Z,0.00
2025-03-31T19:29:22.706Z,0.00
2025-03-31T19:28:22.565Z,0.00
2025-03-31T19:27:22.643Z,0.00
2025-03-31T19:26:22.584Z,0.00
2025-03-31T19:25:22.664Z,0.00
2025-03-31T19:24:22.703Z,0.00
2025-03-31T19:23:22.635Z,0.00
2025-03-31T19:22:22.669Z,0.00
2025-03-31T19:21:22.802Z,0.00
2025-03-31T19:20:23.011Z,0.00
2025-03-31T19:19:23.075Z,0.00
2025-03-31T19:18:22.769Z,0.00
2025-03-31T19:17:22.827Z,0.00
2025-03-31T19:16:22.723Z,0.00
2025-03-31T19:15:22.710Z,0.00
2025-03-31T19:14:22.719Z,0.00
2025-03-31T19:13:22.771Z,0.00
2025-03-31T19:12:22.792Z,0.00
2025-03-31T19:11:22.926Z,0.00
2025-03-31T19:10:22.791Z,0.00
2025-03-31T19:09:22.807Z,0.00
2025-03-31T19:08:22.866Z,0.00
2025-03-31T19:07:23.050Z,0.00
2025-03-31T19:06:22.967Z,0.00
2025-03-31T19:05:23.070Z,0.00
2025-03-31T19:04:23.045Z,0.00
2025-03-31T19:03:23.029Z,0.00
2025-03-31T19:02:23.946Z,0.00
2025-03-31T19:01:23.624Z,0.00
2025-03-31T19:00:23.082Z,0.00
2025-03-31T18:59:22.899Z,0.00
2025-03-31T18:58:22.899Z,0.00
2025-03-31T18:57:22.994Z,0.00
2025-03-31T18:56:23.599Z,0.00
2025-03-31T18:55:22.975Z,0.00
2025-03-31T18:54:23.017Z,0.00
2025-03-31T18:53:22.958Z,0.00
2025-03-31T18:52:23.027Z,0.00
2025-03-31T18:51:23.025Z,0.00
2025-03-31T18:50:22.987Z,0.00
2025-03-31T18:49:22.998Z,0.00
2025-03-31T18:48:23.099Z,0.00
2025-03-31T18:47:23.041Z,0.00
2025-03-31T18:46:23.172Z,0.00
2025-03-31T18:45:23.124Z,0.00
2025-03-31T18:44:23.047Z,0.00
2025-03-31T18:43:25.785Z,0.00
2025-03-31T18:42:23.113Z,0.00
2025-03-31T18:41:23.124Z,0.00
2025-03-31T18:40:23.079Z,0.00
2025-03-31T18:39:23.179Z,0.00
2025-03-31T18:38:23.105Z,0.00
2025-03-31T18:37:23.186Z,0.00
2025-03-31T18:36:23.238Z,0.00
2025-03-31T18:35:23.320Z,0.00
2025-03-31T18:34:23.355Z,0.00
2025-03-31T18:33:23.342Z,0.00
2025-03-31T18:32:23.171Z,0.00
2025-03-31T18:31:23.185Z,0.00
2025-03-31T18:30:23.262Z,0.00
2025-03-31T18:29:23.210Z,0.00
2025-03-31T18:28:23.245Z,0.00
2025-03-31T18:27:23.354Z,0.00
2025-03-31T18:26:23.250Z,0.00
2025-03-31T18:25:23.359Z,0.00
2025-03-31T18:24:23.303Z,0.00
2025-03-31T18:23:23.273Z,0.00
2025-03-31T18:22:23.274Z,0.00
2025-03-31T18:21:23.312Z,0.00
2025-03-31T18:20:23.293Z,0.00
2025-03-31T18:19:23.372Z,0.00
2025-03-31T18:18:25.752Z,0.00
2025-03-31T18:17:23.331Z,0.00
2025-03-31T18:16:23.483Z,0.00
2025-03-31T18:15:23.404Z,0.00
2025-03-31T18:14:23.368Z,0.00
2025-03-31T18:13:23.400Z,0.00
2025-03-31T18:12:23.447Z,0.00
2025-03-31T18:11:23.478Z,0.00
2025-03-31T18:10:23.432Z,0.00
2025-03-31T18:09:23.961Z,0.00
2025-03-31T18:08:23.395Z,0.00
2025-03-31T18:07:26.586Z,0.00
2025-03-31T18:06:23.512Z,0.00
2025-03-31T18:05:23.602Z,0.00
2025-03-31T18:04:23.522Z,0.00
2025-03-31T18:03:23.585Z,0.00
2025-03-31T18:02:23.634Z,0.00
2025-03-31T18:01:23.535Z,0.00
2025-03-31T18:00:23.822Z,0.00
2025-03-31T17:59:23.581Z,0.00
2025-03-31T17:58:23.558Z,0.00
2025-03-31T17:57:23.717Z,0.00
2025-03-31T17:56:23.629Z,0.00
2025-03-31T17:55:23.558Z,0.00
2025-03-31T17:54:23.570Z,0.00
2025-03-31T17:53:23.555Z,0.00
2025-03-31T17:52:23.592Z,0.00
2025-03-31T17:51:23.630Z,0.00
2025-03-31T17:50:23.626Z,0.00
2025-03-31T17:49:23.919Z,0.00
2025-03-31T17:48:23.729Z,0.00
2025-03-31T17:47:23.635Z,0.00
2025-03-31T17:46:23.655Z,0.00
2025-03-31T17:45:23.763Z,0.00
2025-03-31T17:44:25.952Z,0.00
2025-03-31T17:43:23.691Z,0.00
2025-03-31T17:42:23.746Z,0.00
2025-03-31T17:41:23.696Z,0.00
2025-03-31T17:40:23.774Z,0.00
2025-03-31T17:39:23.800Z,0.00
2025-03-31T17:38:23.771Z,0.00
2025-03-31T17:37:23.721Z,0.00
2025-03-31T17:36:23.921Z,0.00
2025-03-31T17:35:25.866Z,0.00
2025-03-31T17:34:24.853Z,0.00
2025-03-31T17:33:23.865Z,0.00
2025-03-31T17:32:23.797Z,0.00
2025-03-31T17:31:23.820Z,0.00
2025-03-31T17:30:24.128Z,0.00
2025-03-31T17:29:23.832Z,0.00
2025-03-31T17:28:23.852Z,0.00
2025-03-31T17:27:23.914Z,0.00
2025-03-31T17:26:23.831Z,0.00
2025-03-31T17:25:24.043Z,0.00
2025-03-31T17:24:24.031Z,0.00
2025-03-31T17:23:23.932Z,0.00
2025-03-31T17:22:23.938Z,0.00
2025-03-31T17:21:23.999Z,0.00
2025-03-31T17:20:24.141Z,0.00
2025-03-31T17:19:27.001Z,0.00
2025-03-31T17:18:24.094Z,0.00
2025-03-31T17:17:23.943Z,0.00
2025-03-31T17:16:24.019Z,0.00
2025-03-31T17:15:23.985Z,0.00
2025-03-31T17:14:23.968Z,0.00
2025-03-31T17:13:24.007Z,0.00
2025-03-31T17:12:24.030Z,0.00
2025-03-31T17:11:24.111Z,0.00
2025-03-31T17:10:24.033Z,0.00
2025-03-31T17:09:24.161Z,0.00
2025-03-31T17:08:24.080Z,0.00
2025-03-31T17:07:24.226Z,0.00
2025-03-31T17:06:24.271Z,0.00
2025-03-31T17:05:24.317Z,0.00
2025-03-31T17:04:24.564Z,0.00
2025-03-31T17:03:24.203Z,0.00
2025-03-31T17:02:24.138Z,0.00
2025-03-31T17:01:24.306Z,0.00
2025-03-31T17:00:24.351Z,0.00
2025-03-31T16:59:24.144Z,0.00
2025-03-31T16:58:24.193Z,0.00
2025-03-31T16:57:24.273Z,0.00
2025-03-31T16:56:24.238Z,0.00
2025-03-31T16:55:24.183Z,0.00
2025-03-31T16:54:24.323Z,0.00
2025-03-31T16:53:24.207Z,0.00
2025-03-31T16:52:27.075Z,0.00
2025-03-31T16:51:24.556Z,0.00
2025-03-31T16:50:24.268Z,0.00
2025-03-31T16:49:24.580Z,0.00
2025-03-31T16:48:24.321Z,0.00
2025-03-31T16:47:24.313Z,0.00
2025-03-31T16:46:24.342Z,0.00
2025-03-31T16:45:24.436Z,0.00
2025-03-31T16:44:24.292Z,0.00
2025-03-31T16:43:24.308Z,0.00
2025-03-31T16:42:24.403Z,0.00
2025-03-31T16:41:24.417Z,0.00
2025-03-31T16:40:24.409Z,0.00
2025-03-31T16:39:24.541Z,0.00
2025-03-31T16:38:24.412Z,0.00
2025-03-31T16:37:24.361Z,0.00
2025-03-31T16:36:24.397Z,0.00
2025-03-31T16:35:24.703Z,0.00
2025-03-31T16:34:24.637Z,0.00
2025-03-31T16:33:24.586Z,0.00
2025-03-31T16:32:24.422Z,0.00
2025-03-31T16:31:24.418Z,0.00
2025-03-31T16:30:25.548Z,0.00
2025-03-31T16:29:27.114Z,0.00
2025-03-31T16:28:24.477Z,5.62
2025-03-31T16:27:24.598Z,5.62
2025-03-31T16:26:24.489Z,5.62
2025-03-31T16:25:24.494Z,5.62
2025-03-31T16:24:24.752Z,5.62
2025-03-31T16:23:27.297Z,5.62
2025-03-31T16:22:24.620Z,5.62
2025-03-31T16:21:24.711Z,5.62
2025-03-31T16:20:24.563Z,5.62
2025-03-31T16:19:24.997Z,5.62
2025-03-31T16:18:24.747Z,5.62
2025-03-31T16:17:24.743Z,5.62
2025-03-31T16:16:24.702Z,5.62
2025-03-31T16:15:24.650Z,5.62
2025-03-31T16:14:24.916Z,5.62
2025-03-31T16:13:24.706Z,5.62
2025-03-31T16:12:24.845Z,5.62
2025-03-31T16:11:24.647Z,5.62
2025-03-31T16:10:24.659Z,5.62
2025-03-31T16:09:24.816Z,5.62
2025-03-31T16:08:24.703Z,11.25
2025-03-31T16:07:24.966Z,11.25
2025-03-31T16:06:25.088Z,11.25
2025-03-31T16:05:24.945Z,11.25
2025-03-31T16:04:24.896Z,11.25
2025-03-31T16:03:25.027Z,11.25
2025-03-31T16:02:24.789Z,11.25
2025-03-31T16:01:24.791Z,11.25
2025-03-31T16:00:25.403Z,11.25
2025-03-31T15:59:24.774Z,11.25
2025-03-31T15:58:24.807Z,11.25
2025-03-31T15:57:24.935Z,11.25
2025-03-31T15:56:24.851Z,11.25
2025-03-31T15:55:24.875Z,11.25
2025-03-31T15:54:24.933Z,11.25
2025-03-31T15:53:24.831Z,16.88
2025-03-31T15:52:24.859Z,16.88
2025-03-31T15:51:28.116Z,16.88
2025-03-31T15:50:24.910Z,16.88
2025-03-31T15:49:25.670Z,16.88
2025-03-31T15:48:25.087Z,16.88
2025-03-31T15:47:24.907Z,16.88
2025-03-31T15:46:24.965Z,16.88
2025-03-31T15:45:25.143Z,16.88
2025-03-31T15:44:24.945Z,16.88
2025-03-31T15:43:24.983Z,16.88
2025-03-31T15:42:25.112Z,16.88
2025-03-31T15:41:25.033Z,16.88
2025-03-31T15:40:25.014Z,16.88
2025-03-31T15:39:24.998Z,16.88
2025-03-31T15:38:25.076Z,16.88
2025-03-31T15:37:25.028Z,16.88
2025-03-31T15:36:25.090Z,16.88
2025-03-31T15:35:25.210Z,16.88
2025-03-31T15:34:25.154Z,16.88
2025-03-31T15:33:25.196Z,16.88
2025-03-31T15:32:25.155Z,11.25
2025-03-31T15:31:25.109Z,11.25
2025-03-31T15:30:25.222Z,11.25
2025-03-31T15:29:25.099Z,11.25
2025-03-31T15:28:25.132Z,11.25
2025-03-31T15:27:25.220Z,11.25
2025-03-31T15:26:25.172Z,11.25
2025-03-31T15:25:25.203Z,11.25
2025-03-31T15:24:25.327Z,11.25
2025-03-31T15:23:25.167Z,11.25
2025-03-31T15:22:25.249Z,16.88
2025-03-31T15:21:25.195Z,11.25
2025-03-31T15:20:25.288Z,16.88
2025-03-31T15:19:25.495Z,11.25
2025-03-31T15:18:25.449Z,11.25
2025-03-31T15:17:25.416Z,11.25
2025-03-31T15:16:25.251Z,16.88
2025-03-31T15:15:25.323Z,16.88
2025-03-31T15:14:25.261Z,16.88
2025-03-31T15:13:25.340Z,22.50
2025-03-31T15:12:25.379Z,22.50
2025-03-31T15:11:25.325Z,28.12
2025-03-31T15:10:25.389Z,33.75
2025-03-31T15:09:25.425Z,33.75
2025-03-31T15:08:25.363Z,33.75
2025-03-31T15:07:25.376Z,33.75
2025-03-31T15:06:25.467Z,33.75
2025-03-31T15:05:25.395Z,33.75
2025-03-31T15:04:25.805Z,28.12
2025-03-31T15:03:25.543Z,22.50
2025-03-31T15:02:25.442Z,22.50
2025-03-31T15:01:25.457Z,16.88
2025-03-31T15:00:25.506Z,11.25
2025-03-31T14:59:25.424Z,11.25
2025-03-31T14:58:25.467Z,16.88
2025-03-31T14:57:25.679Z,16.88
2025-03-31T14:56:25.492Z,16.88
2025-03-31T14:55:25.515Z,16.88
2025-03-31T14:54:25.595Z,16.88
2025-03-31T14:53:25.485Z,16.88
2025-03-31T14:52:25.512Z,16.88
2025-03-31T14:51:25.594Z,16.88
2025-03-31T14:50:25.552Z,16.88
2025-03-31T14:49:25.728Z,16.88
2025-03-31T14:48:25.830Z,16.88
2025-03-31T14:47:25.608Z,16.88
2025-03-31T14:46:25.700Z,16.88
2025-03-31T14:45:25.635Z,22.50
2025-03-31T14:44:25.591Z,22.50
2025-03-31T14:43:25.612Z,22.50
2025-03-31T14:42:25.713Z,22.50
2025-03-31T14:41:25.635Z,22.50
2025-03-31T14:40:25.681Z,28.12
2025-03-31T14:39:26.402Z,28.12
2025-03-31T14:38:25.653Z,33.75
2025-03-31T14:37:25.685Z,39.38
2025-03-31T14:36:25.798Z,45.00
2025-03-31T14:35:25.932Z,50.62
2025-03-31T14:34:25.874Z,61.88
2025-03-31T14:33:25.878Z,67.50
2025-03-31T14:32:25.808Z,67.50
2025-03-31T14:31:28.173Z,78.75
2025-03-31T14:30:25.965Z,78.75
2025-03-31T14:29:25.768Z,84.38
2025-03-31T14:28:25.764Z,84.38
2025-03-31T14:27:26.095Z,78.75
2025-03-31T14:26:25.794Z,73.12
2025-03-31T14:25:25.793Z,67.50
2025-03-31T14:24:25.858Z,61.88
2025-03-31T14:23:26.332Z,56.25
2025-03-31T14:22:25.857Z,56.25
2025-03-31T14:21:25.912Z,61.88
2025-03-31T14:20:25.862Z,78.75
2025-03-31T14:19:26.051Z,90.00
2025-03-31T14:18:25.998Z,95.62
2025-03-31T14:17:27.235Z,95.62
2025-03-31T14:16:25.945Z,95.62
2025-03-31T14:15:25.962Z,84.38
2025-03-31T14:14:25.931Z,78.75
2025-03-31T14:13:25.982Z,73.12
2025-03-31T14:12:32.112Z,67.50
2025-03-31T14:11:26.016Z,67.50
2025-03-31T14:10:25.982Z,67.50
2025-03-31T14:09:28.077Z,67.50
2025-03-31T14:08:26.027Z,67.50
2025-03-31T14:07:26.127Z,61.88
2025-03-31T14:06:26.182Z,61.88
2025-03-31T14:05:26.275Z,61.88
2025-03-31T14:04:29.688Z,61.88
2025-03-31T14:03:26.101Z,61.88
2025-03-31T14:02:26.115Z,61.88
2025-03-31T14:01:26.075Z,61.88
2025-03-31T14:00:27.973Z,61.88
2025-03-31T13:59:26.085Z,61.88
2025-03-31T13:58:26.100Z,67.50
2025-03-31T13:57:26.222Z,67.50
2025-03-31T13:56:26.115Z,90.00
2025-03-31T13:55:26.152Z,106.88
2025-03-31T13:54:26.193Z,84.38
2025-03-31T13:53:26.167Z,78.75
2025-03-31T13:52:26.153Z,73.12
2025-03-31T13:51:26.264Z,67.50
2025-03-31T13:50:26.528Z,67.50
2025-03-31T13:49:26.415Z,67.50
2025-03-31T13:48:26.355Z,61.88
2025-03-31T13:47:26.254Z,61.88
2025-03-31T13:46:26.260Z,56.25
2025-03-31T13:45:26.287Z,56.25
2025-03-31T13:44:26.257Z,56.25
2025-03-31T13:43:26.327Z,56.25
2025-03-31T13:42:26.330Z,56.25
2025-03-31T13:41:26.347Z,56.25
2025-03-31T13:40:27.147Z,56.25
2025-03-31T13:39:26.471Z,56.25
2025-03-31T13:38:26.365Z,61.88
2025-03-31T13:37:26.341Z,61.88
2025-03-31T13:36:26.343Z,61.88
2025-03-31T13:35:26.379Z,61.88
2025-03-31T13:34:26.627Z,61.88
2025-03-31T13:33:26.543Z,56.25
2025-03-31T13:32:26.488Z,56.25
2025-03-31T13:31:26.420Z,56.25
2025-03-31T13:30:26.484Z,50.62
2025-03-31T13:29:26.429Z,50.62
2025-03-31T13:28:26.562Z,45.00
2025-03-31T13:27:26.573Z,45.00
2025-03-31T13:26:26.446Z,45.00
2025-03-31T13:25:26.536Z,45.00
2025-03-31T13:24:26.564Z,45.00
2025-03-31T13:23:26.538Z,45.00
2025-03-31T13:22:26.478Z,45.00
2025-03-31T13:21:26.738Z,39.38
2025-03-31T13:20:26.544Z,39.38
2025-03-31T13:19:26.775Z,39.38
2025-03-31T13:18:26.797Z,39.38
2025-03-31T13:17:26.556Z,39.38
2025-03-31T13:16:26.545Z,39.38
2025-03-31T13:15:26.609Z,39.38
2025-03-31T13:14:26.592Z,39.38
2025-03-31T13:13:26.625Z,39.38
2025-03-31T13:12:26.809Z,39.38
2025-03-31T13:11:26.779Z,33.75
2025-03-31T13:10:26.695Z,28.12
2025-03-31T13:09:26.757Z,28.12
2025-03-31T13:08:26.698Z,28.12
2025-03-31T13:07:26.855Z,28.12
2025-03-31T13:06:26.902Z,33.75
2025-03-31T13:05:27.141Z,39.38
2025-03-31T13:04:26.933Z,45.00
2025-03-31T13:03:26.776Z,50.62
2025-03-31T13:02:26.819Z,50.62
2025-03-31T13:01:26.844Z,50.62
2025-03-31T13:00:27.885Z,50.62
2025-03-31T12:59:26.741Z,45.00
2025-03-31T12:58:26.794Z,39.38
2025-03-31T12:57:26.984Z,45.00
2025-03-31T12:56:26.775Z,45.00
2025-03-31T12:55:27.068Z,45.00
2025-03-31T12:54:26.887Z,45.00
2025-03-31T12:53:26.854Z,45.00
2025-03-31T12:52:26.900Z,45.00
2025-03-31T12:51:26.937Z,39.38
2025-03-31T12:50:26.848Z,45.00
2025-03-31T12:49:26.841Z,45.00
2025-03-31T12:48:27.167Z,50.62
2025-03-31T12:47:26.899Z,67.50
2025-03-31T12:46:26.914Z,67.50
2025-03-31T12:45:26.963Z,67.50
2025-03-31T12:44:26.903Z,67.50
2025-03-31T12:43:26.929Z,61.88
2025-03-31T12:42:26.972Z,61.88
2025-03-31T12:41:26.944Z,67.50
2025-03-31T12:40:27.004Z,67.50
2025-03-31T12:39:34.444Z,61.88
2025-03-31T12:38:27.128Z,50.62
2025-03-31T12:37:27.473Z,50.62
2025-03-31T12:36:27.184Z,56.25
2025-03-31T12:35:27.352Z,61.88
2025-03-31T12:34:27.217Z,61.88
2025-03-31T12:33:27.144Z,61.88
2025-03-31T12:32:27.093Z,67.50
2025-03-31T12:31:27.053Z,73.12
2025-03-31T12:30:28.012Z,78.75
2025-03-31T12:29:27.086Z,73.12
2025-03-31T12:28:27.155Z,73.12
2025-03-31T12:27:27.372Z,73.12
2025-03-31T12:26:27.112Z,73.12
2025-03-31T12:25:27.208Z,73.12
2025-03-31T12:24:31.818Z,73.12
2025-03-31T12:23:27.268Z,73.12
2025-03-31T12:21:27.666Z,67.50
2025-03-31T12:19:52.692Z,67.50
2025-03-31T12:18:29.982Z,56.25
2025-03-31T12:17:28.541Z,45.00
2025-03-31T12:16:28.502Z,39.38
2025-03-31T12:15:32.323Z,33.75
2025-03-31T12:14:30.212Z,33.75
2025-03-31T12:13:29.604Z,28.12
2025-03-31T12:12:29.367Z,22.50
2025-03-31T12:11:27.960Z,16.88
2025-03-31T12:10:28.959Z,11.25
2025-03-31T12:09:37.641Z,11.25
2025-03-31T12:08:28.911Z,11.25
2025-03-31T12:07:28.170Z,16.88
2025-03-31T12:06:27.602Z,16.88
2025-03-31T12:05:27.758Z,22.50
2025-03-31T12:04:29.614Z,28.12
2025-03-31T12:03:29.936Z,39.38
2025-03-31T12:02:30.986Z,50.62
2025-03-31T12:01:31.850Z,61.88
2025-03-31T12:00:34.845Z,67.50
2025-03-31T11:59:27.571Z,67.50
2025-03-31T11:58:27.464Z,67.50
2025-03-31T11:57:27.423Z,61.88
2025-03-31T11:56:27.428Z,61.88
2025-03-31T11:55:27.536Z,61.88
2025-03-31T11:54:27.452Z,56.25
2025-03-31T11:53:27.453Z,50.62
2025-03-31T11:52:27.552Z,56.25
2025-03-31T11:51:27.517Z,50.62
2025-03-31T11:50:27.864Z,50.62
2025-03-31T11:49:27.687Z,50.62
2025-03-31T11:48:27.628Z,45.00
2025-03-31T11:47:27.591Z,39.38
2025-03-31T11:46:27.561Z,33.75
2025-03-31T11:45:27.538Z,28.12
2025-03-31T11:44:27.569Z,33.75
2025-03-31T11:43:27.600Z,45.00
2025-03-31T11:42:27.574Z,56.25
2025-03-31T11:41:27.617Z,56.25
2025-03-31T11:40:27.654Z,56.25
2025-03-31T11:39:27.630Z,67.50
2025-03-31T11:38:27.644Z,73.12
2025-03-31T11:37:27.675Z,67.50
2025-03-31T11:36:27.662Z,67.50
2025-03-31T11:35:27.742Z,61.88
2025-03-31T11:34:27.688Z,61.88
2025-03-31T11:33:27.796Z,61.88
2025-03-31T11:32:27.974Z,67.50
2025-03-31T11:31:27.758Z,67.50
2025-03-31T11:30:27.700Z,67.50
2025-03-31T11:29:27.732Z,67.50
2025-03-31T11:28:27.768Z,67.50
2025-03-31T11:27:27.797Z,67.50
2025-03-31T11:26:27.774Z,61.88
2025-03-31T11:25:27.831Z,56.25
2025-03-31T11:24:27.805Z,61.88
2025-03-31T11:23:27.795Z,67.50
2025-03-31T11:22:27.897Z,73.12
2025-03-31T11:21:27.839Z,61.88
2025-03-31T11:20:27.954Z,61.88
2025-03-31T11:19:28.042Z,61.88
2025-03-31T11:18:27.933Z,56.25
2025-03-31T11:17:27.898Z,50.62
2025-03-31T11:16:27.911Z,45.00
2025-03-31T11:15:46.754Z,45.00
2025-03-31T11:14:27.945Z,39.38
2025-03-31T11:13:27.962Z,33.75
2025-03-31T11:12:27.936Z,33.75
2025-03-31T11:11:28.017Z,33.75
2025-03-31T11:10:28.083Z,33.75
2025-03-31T11:09:28.003Z,39.38
2025-03-31T11:08:28.030Z,39.38
2025-03-31T11:07:28.018Z,39.38
2025-03-31T11:06:27.980Z,39.38
2025-03-31T11:05:28.177Z,39.38
2025-03-31T11:04:28.215Z,45.00
2025-03-31T11:03:28.085Z,56.25
2025-03-31T11:02:28.191Z,61.88
2025-03-31T11:01:28.192Z,67.50
2025-03-31T11:00:28.151Z,67.50
2025-03-31T10:59:28.096Z,73.12
2025-03-31T10:58:29.743Z,78.75
2025-03-31T10:57:28.135Z,73.12
2025-03-31T10:56:28.100Z,67.50
2025-03-31T10:55:28.153Z,61.88
2025-03-31T10:54:28.121Z,61.88
2025-03-31T10:53:28.197Z,67.50
2025-03-31T10:52:28.190Z,73.12
2025-03-31T10:51:28.159Z,73.12
2025-03-31T10:50:28.205Z,61.88
2025-03-31T10:49:28.199Z,50.62
2025-03-31T10:48:28.414Z,45.00
2025-03-31T10:47:28.263Z,45.00
2025-03-31T10:46:28.263Z,39.38
2025-03-31T10:45:28.196Z,45.00
2025-03-31T10:44:28.226Z,39.38
2025-03-31T10:43:28.282Z,39.38
2025-03-31T10:42:28.235Z,39.38
2025-03-31T10:41:28.233Z,45.00
2025-03-31T10:40:28.303Z,45.00
2025-03-31T10:39:28.261Z,45.00
2025-03-31T10:38:32.804Z,45.00
2025-03-31T10:37:28.373Z,39.38
2025-03-31T10:36:28.294Z,33.75
2025-03-31T10:35:28.332Z,33.75
2025-03-31T10:34:28.366Z,28.12
2025-03-31T10:33:28.429Z,28.12
2025-03-31T10:32:28.440Z,28.12
2025-03-31T10:31:28.403Z,28.12
2025-03-31T10:30:28.364Z,22.50
2025-03-31T10:29:28.425Z,22.50
2025-03-31T10:28:28.910Z,22.50
2025-03-31T10:27:28.451Z,28.12
2025-03-31T10:26:28.427Z,28.12
2025-03-31T10:25:28.465Z,33.75
2025-03-31T10:24:28.427Z,39.38
2025-03-31T10:23:28.432Z,45.00
2025-03-31T10:22:28.584Z,56.25
2025-03-31T10:21:28.648Z,61.88
2025-03-31T10:20:28.689Z,67.50
2025-03-31T10:19:37.863Z,67.50
2025-03-31T10:18:30.557Z,56.25
2025-03-31T10:16:41.869Z,39.38
2025-03-31T10:15:34.629Z,39.38
2025-03-31T10:14:59.511Z,39.38
2025-03-31T10:13:32.294Z,33.75
2025-03-31T10:12:29.800Z,39.38
2025-03-31T10:11:29.348Z,45.00
2025-03-31T10:10:30.113Z,50.62
2025-03-31T10:09:29.312Z,39.38
2025-03-31T10:08:43.595Z,39.38
2025-03-31T10:07:29.357Z,45.00
2025-03-31T10:06:30.487Z,45.00
2025-03-31T10:05:37.932Z,39.38
2025-03-31T10:04:58.218Z,39.38
2025-03-31T10:03:42.826Z,33.75
2025-03-31T10:03:05.634Z,28.12
2025-03-31T10:01:49.624Z,28.12
2025-03-31T10:00:48.436Z,22.50
2025-03-31T09:58:55.911Z,28.12
2025-03-31T09:57:34.629Z,33.75
2025-03-31T09:56:42.837Z,33.75
2025-03-31T09:55:53.398Z,33.75
2025-03-31T09:53:09.588Z,39.38
2025-03-31T09:50:28.818Z,50.62
2025-03-31T09:49:29.223Z,50.62
2025-03-31T09:48:28.931Z,56.25
2025-03-31T09:47:29.712Z,61.88
2025-03-31T09:46:28.882Z,61.88
2025-03-31T09:45:28.864Z,61.88
2025-03-31T09:44:28.922Z,61.88
2025-03-31T09:43:30.856Z,61.88
2025-03-31T09:42:28.901Z,61.88
2025-03-31T09:41:28.900Z,61.88
2025-03-31T09:40:28.931Z,56.25
2025-03-31T09:39:28.930Z,50.62
2025-03-31T09:38:28.981Z,61.88
2025-03-31T09:37:29.216Z,67.50
2025-03-31T09:36:29.001Z,67.50
2025-03-31T09:35:29.091Z,67.50
2025-03-31T09:34:29.329Z,56.25
2025-03-31T09:33:31.561Z,61.88
2025-03-31T09:32:29.071Z,67.50
2025-03-31T09:31:29.018Z,67.50
2025-03-31T09:30:29.036Z,61.88
2025-03-31T09:29:29.143Z,61.88
2025-03-31T09:28:30.202Z,61.88
2025-03-31T09:27:29.102Z,50.62
2025-03-31T09:25:29.176Z,50.62
2025-03-31T09:24:29.088Z,56.25
2025-03-31T09:23:29.153Z,61.88
2025-03-31T09:22:29.184Z,67.50
2025-03-31T09:21:29.318Z,67.50
2025-03-31T09:20:29.433Z,73.12
2025-03-31T09:19:29.431Z,67.50
2025-03-31T09:18:33.683Z,67.50
2025-03-31T09:17:29.283Z,61.88
2025-03-31T09:16:29.307Z,56.25
2025-03-31T09:15:29.189Z,50.62
2025-03-31T09:14:29.188Z,39.38
2025-03-31T09:13:29.252Z,33.75
2025-03-31T09:12:29.215Z,28.12
2025-03-31T09:11:29.470Z,28.12
2025-03-31T09:10:29.330Z,33.75
2025-03-31T09:09:38.717Z,39.38
2025-03-31T09:08:30.873Z,50.62
2025-03-31T09:07:30.008Z,45.00
2025-03-31T09:06:30.166Z,39.38
2025-03-31T09:05:29.624Z,45.00
2025-03-31T09:04:29.633Z,45.00
2025-03-31T09:03:29.524Z,45.00
2025-03-31T09:02:29.445Z,45.00
2025-03-31T09:01:29.475Z,50.62
2025-03-31T09:00:30.192Z,56.25
2025-03-31T08:59:29.404Z,56.25
2025-03-31T08:58:32.298Z,61.88
2025-03-31T08:57:29.415Z,67.50
2025-03-31T08:56:29.569Z,67.50
2025-03-31T08:55:29.563Z,56.25
2025-03-31T08:54:29.458Z,50.62
2025-03-31T08:53:29.443Z,56.25
2025-03-31T08:52:29.597Z,61.88
2025-03-31T08:51:29.593Z,56.25
2025-03-31T08:50:29.616Z,61.88
2025-03-31T08:49:29.672Z,67.50
2025-03-31T08:48:34.025Z,67.50
2025-03-31T08:47:29.695Z,67.50
2025-03-31T08:46:29.590Z,61.88
2025-03-31T08:45:29.505Z,56.25
2025-03-31T08:44:29.780Z,45.00
2025-03-31T08:43:29.654Z,45.00
2025-03-31T08:42:29.580Z,39.38
2025-03-31T08:41:29.549Z,39.38
2025-03-31T08:40:29.683Z,33.75
2025-03-31T08:39:30.192Z,39.38
2025-03-31T08:38:34.782Z,39.38
2025-03-31T08:37:29.695Z,45.00
2025-03-31T08:36:29.815Z,45.00
2025-03-31T08:35:29.732Z,45.00
2025-03-31T08:34:30.089Z,45.00
2025-03-31T08:33:29.742Z,45.00
2025-03-31T08:32:29.890Z,45.00
2025-03-31T08:31:29.739Z,45.00
2025-03-31T08:30:29.664Z,45.00
2025-03-31T08:29:29.770Z,45.00
2025-03-31T08:28:32.242Z,50.62
2025-03-31T08:27:29.733Z,50.62
2025-03-31T08:26:29.822Z,50.62
2025-03-31T08:25:37.231Z,45.00
2025-03-31T08:24:29.735Z,22.50
2025-03-31T08:23:32.416Z,16.88
2025-03-31T08:22:29.785Z,16.88
2025-03-31T08:21:29.807Z,22.50
2025-03-31T08:20:29.928Z,28.12
2025-03-31T08:19:30.002Z,28.12
2025-03-31T08:18:35.335Z,28.12
2025-03-31T08:17:29.956Z,22.50
2025-03-31T08:16:29.830Z,16.88
2025-03-31T08:15:29.831Z,16.88
2025-03-31T08:14:29.868Z,16.88
2025-03-31T08:13:29.895Z,16.88
2025-03-31T08:12:29.940Z,16.88
2025-03-31T08:11:30.093Z,11.25
2025-03-31T08:10:29.979Z,11.25
2025-03-31T08:09:30.092Z,11.25
2025-03-31T08:08:34.792Z,16.88
2025-03-31T08:07:30.133Z,22.50
2025-03-31T08:06:30.168Z,22.50
2025-03-31T08:05:30.153Z,22.50
2025-03-31T08:04:30.185Z,28.12
2025-03-31T08:03:29.988Z,22.50
2025-03-31T08:02:30.378Z,22.50
2025-03-31T08:01:30.032Z,16.88
2025-03-31T08:00:31.346Z,16.88
2025-03-31T07:59:30.228Z,11.25
2025-03-31T07:58:38.102Z,16.88
2025-03-31T07:57:30.032Z,16.88
2025-03-31T07:56:30.035Z,16.88
2025-03-31T07:55:30.139Z,16.88
2025-03-31T07:54:30.077Z,16.88
2025-03-31T07:53:30.088Z,16.88
2025-03-31T07:52:30.123Z,11.25
2025-03-31T07:51:30.100Z,11.25
2025-03-31T07:50:30.191Z,11.25
2025-03-31T07:49:30.452Z,16.88
2025-03-31T07:48:33.445Z,16.88
2025-03-31T07:47:30.396Z,16.88
2025-03-31T07:46:30.474Z,16.88
2025-03-31T07:45:30.323Z,16.88
2025-03-31T07:44:30.262Z,11.25
2025-03-31T07:43:30.323Z,11.25
2025-03-31T07:42:30.204Z,11.25
2025-03-31T07:41:30.227Z,16.88
2025-03-31T07:40:30.256Z,16.88
2025-03-31T07:39:30.237Z,16.88
2025-03-31T07:38:31.782Z,16.88
2025-03-31T07:37:30.274Z,16.88
2025-03-31T07:36:30.264Z,16.88
2025-03-31T07:35:30.390Z,22.50
2025-03-31T07:34:30.470Z,22.50
2025-03-31T07:33:30.415Z,22.50
2025-03-31T07:32:30.293Z,22.50
2025-03-31T07:31:30.334Z,22.50
2025-03-31T07:30:30.343Z,22.50
2025-03-31T07:29:30.512Z,22.50
2025-03-31T07:28:36.240Z,22.50
2025-03-31T07:27:30.649Z,16.88
2025-03-31T07:26:30.431Z,22.50
2025-03-31T07:25:30.446Z,22.50
2025-03-31T07:24:30.418Z,22.50
2025-03-31T07:23:30.410Z,16.88
2025-03-31T07:22:30.516Z,11.25
2025-03-31T07:21:30.457Z,11.25
2025-03-31T07:20:30.578Z,11.25
2025-03-31T07:19:30.626Z,11.25
2025-03-31T07:18:39.539Z,16.88
2025-03-31T07:17:30.724Z,11.25
2025-03-31T07:16:30.588Z,11.25
2025-03-31T07:15:30.548Z,11.25
2025-03-31T07:14:30.561Z,11.25
2025-03-31T07:13:35.801Z,11.25
2025-03-31T07:12:30.812Z,16.88
2025-03-31T07:11:30.577Z,11.25
2025-03-31T07:10:30.561Z,11.25
2025-03-31T07:09:30.561Z,11.25
2025-03-31T07:08:30.657Z,11.25
2025-03-31T07:07:30.876Z,16.88
2025-03-31T07:06:30.744Z,16.88
2025-03-31T07:05:30.801Z,16.88
2025-03-31T07:04:30.829Z,11.25
2025-03-31T07:03:37.454Z,16.88
2025-03-31T07:02:30.740Z,11.25
2025-03-31T07:01:30.757Z,11.25
2025-03-31T07:00:30.654Z,11.25
2025-03-31T06:59:33.867Z,11.25
2025-03-31T06:58:30.700Z,16.88
2025-03-31T06:57:30.804Z,22.50
2025-03-31T06:56:30.702Z,22.50
2025-03-31T06:55:30.920Z,16.88
2025-03-31T06:54:30.748Z,16.88
2025-03-31T06:53:35.135Z,16.88
2025-03-31T06:52:30.786Z,22.50
2025-03-31T06:51:30.792Z,22.50
2025-03-31T06:50:30.800Z,16.88
2025-03-31T06:49:30.908Z,16.88
2025-03-31T06:48:31.108Z,22.50
2025-03-31T06:47:30.844Z,16.88
2025-03-31T06:46:30.844Z,16.88
2025-03-31T06:45:30.825Z,16.88
2025-03-31T06:44:31.034Z,16.88
2025-03-31T06:43:35.804Z,22.50
2025-03-31T06:42:30.854Z,16.88
2025-03-31T06:41:30.879Z,16.88
2025-03-31T06:40:30.894Z,16.88
2025-03-31T06:39:30.877Z,16.88
2025-03-31T06:38:30.897Z,16.88
2025-03-31T06:37:30.953Z,16.88
2025-03-31T06:36:30.916Z,16.88
2025-03-31T06:35:30.979Z,16.88
2025-03-31T06:34:31.193Z,16.88
2025-03-31T06:33:35.089Z,16.88
2025-03-31T06:32:31.031Z,11.25
2025-03-31T06:31:31.029Z,11.25
2025-03-31T06:30:31.000Z,11.25
2025-03-31T06:29:31.004Z,11.25
2025-03-31T06:28:31.028Z,11.25
2025-03-31T06:27:31.006Z,11.25
2025-03-31T06:26:31.007Z,11.25
2025-03-31T06:25:31.063Z,11.25
2025-03-31T06:24:31.055Z,11.25
2025-03-31T06:23:36.094Z,5.62
2025-03-31T06:22:31.106Z,5.62
2025-03-31T06:21:31.086Z,11.25
2025-03-31T06:20:31.069Z,11.25
2025-03-31T06:19:31.132Z,11.25
2025-03-31T06:18:31.140Z,11.25
2025-03-31T06:17:31.140Z,11.25
2025-03-31T06:16:31.213Z,11.25
2025-03-31T06:15:31.124Z,11.25
2025-03-31T06:14:31.209Z,11.25
2025-03-31T06:13:36.673Z,11.25
2025-03-31T06:12:31.197Z,11.25
2025-03-31T06:11:31.334Z,11.25
2025-03-31T06:10:38.786Z,11.25
2025-03-31T06:09:31.199Z,11.25
2025-03-31T06:08:31.194Z,11.25
2025-03-31T06:07:31.259Z,11.25
2025-03-31T06:06:31.271Z,11.25
2025-03-31T06:05:31.460Z,11.25
2025-03-31T06:04:31.337Z,11.25
2025-03-31T06:03:39.121Z,11.25
2025-03-31T06:02:31.363Z,11.25
2025-03-31T06:01:31.485Z,11.25
2025-03-31T06:00:31.295Z,11.25
2025-03-31T05:59:31.310Z,11.25
2025-03-31T05:58:31.337Z,11.25
2025-03-31T05:57:31.552Z,11.25
2025-03-31T05:56:31.349Z,11.25
2025-03-31T05:55:31.362Z,11.25
2025-03-31T05:54:31.381Z,11.25
2025-03-31T05:53:37.768Z,11.25
2025-03-31T05:52:31.446Z,5.62
2025-03-31T05:51:31.415Z,5.62
2025-03-31T05:50:31.411Z,5.62
2025-03-31T05:49:31.526Z,5.62
2025-03-31T05:48:31.485Z,5.62
2025-03-31T05:47:31.456Z,5.62
2025-03-31T05:46:31.486Z,5.62
2025-03-31T05:45:31.451Z,5.62
2025-03-31T05:44:31.559Z,5.62
2025-03-31T05:43:36.074Z,5.62
2025-03-31T05:42:31.480Z,5.62
2025-03-31T05:41:31.500Z,5.62
2025-03-31T05:40:31.546Z,5.62
2025-03-31T05:39:31.525Z,5.62
2025-03-31T05:38:31.549Z,5.62
2025-03-31T05:37:31.612Z,5.62
2025-03-31T05:36:31.559Z,0.00
2025-03-31T05:35:31.625Z,0.00
2025-03-31T05:34:31.706Z,0.00
2025-03-31T05:33:37.942Z,0.00
2025-03-31T05:32:31.655Z,0.00
2025-03-31T05:31:31.624Z,0.00
2025-03-31T05:30:31.607Z,0.00
2025-03-31T05:29:31.654Z,0.00
2025-03-31T05:28:31.723Z,0.00
2025-03-31T05:27:31.655Z,0.00
2025-03-31T05:26:31.665Z,0.00
2025-03-31T05:25:31.704Z,0.00
2025-03-31T05:24:31.707Z,0.00
2025-03-31T05:23:35.596Z,0.00
2025-03-31T05:22:31.727Z,0.00
2025-03-31T05:21:31.743Z,0.00
2025-03-31T05:20:31.724Z,0.00
2025-03-31T05:19:31.774Z,0.00
2025-03-31T05:18:31.771Z,0.00
2025-03-31T05:17:32.411Z,0.00
2025-03-31T05:15:29.501Z,0.00
2025-03-31T05:14:29.649Z,0.00
2025-03-31T05:13:30.839Z,0.00
2025-03-31T05:12:29.531Z,0.00
2025-03-31T05:11:29.623Z,0.00
2025-03-31T05:10:29.596Z,0.00
2025-03-31T05:09:29.561Z,0.00
2025-03-31T05:08:29.591Z,0.00
2025-03-31T05:07:29.642Z,0.00
2025-03-31T05:06:29.600Z,0.00
2025-03-31T05:05:29.742Z,0.00
2025-03-31T05:04:29.745Z,0.00
2025-03-31T05:03:32.265Z,0.00
2025-03-31T05:02:29.714Z,0.00
2025-03-31T05:01:29.790Z,0.00
2025-03-31T05:00:29.700Z,0.00
2025-03-31T04:59:29.769Z,0.00
2025-03-31T04:58:29.723Z,0.00
2025-03-31T04:57:29.720Z,0.00
2025-03-31T04:56:29.717Z,0.00
2025-03-31T04:55:29.802Z,0.00
2025-03-31T04:54:29.739Z,0.00
2025-03-31T04:53:34.947Z,0.00
2025-03-31T04:52:29.790Z,0.00
2025-03-31T04:51:29.793Z,0.00
2025-03-31T04:50:29.787Z,0.00
2025-03-31T04:49:29.845Z,0.00
2025-03-31T04:48:29.863Z,0.00
2025-03-31T04:47:29.931Z,0.00
2025-03-31T04:46:29.921Z,0.00
2025-03-31T04:45:29.841Z,0.00
2025-03-31T04:44:29.878Z,0.00
2025-03-31T04:43:36.306Z,0.00
2025-03-31T04:42:29.864Z,0.00
2025-03-31T04:41:29.891Z,0.00
2025-03-31T04:40:29.915Z,0.00
2025-03-31T04:39:29.903Z,0.00
2025-03-31T04:38:29.910Z,0.00
2025-03-31T04:37:29.957Z,0.00
2025-03-31T04:36:29.931Z,0.00
2025-03-31T04:35:29.954Z,0.00
2025-03-31T04:34:30.166Z,0.00
2025-03-31T04:33:33.606Z,0.00
2025-03-31T04:32:30.003Z,0.00
2025-03-31T04:31:30.012Z,0.00
2025-03-31T04:30:30.017Z,0.00
2025-03-31T04:29:30.033Z,0.00
2025-03-31T04:28:32.211Z,0.00
2025-03-31T04:27:30.041Z,0.00
2025-03-31T04:26:30.115Z,0.00
2025-03-31T04:25:30.122Z,0.00
2025-03-31T04:24:30.123Z,0.00
2025-03-31T04:23:30.081Z,0.00
2025-03-31T04:22:30.162Z,0.00
2025-03-31T04:21:30.166Z,0.00
2025-03-31T04:20:30.206Z,0.00
2025-03-31T04:19:39.281Z,0.00
2025-03-31T04:18:30.541Z,0.00
2025-03-31T04:17:30.188Z,0.00
2025-03-31T04:16:30.186Z,0.00
2025-03-31T04:15:30.223Z,0.00
2025-03-31T04:14:30.299Z,0.00
2025-03-31T04:13:32.274Z,0.00
2025-03-31T04:12:30.295Z,0.00
2025-03-31T04:11:30.340Z,0.00
2025-03-31T04:10:30.325Z,0.00
2025-03-31T04:09:30.275Z,0.00
2025-03-31T04:08:30.301Z,0.00
2025-03-31T04:07:30.345Z,0.00
2025-03-31T04:06:30.437Z,0.00
2025-03-31T04:05:30.454Z,0.00
2025-03-31T04:04:30.457Z,0.00
2025-03-31T04:03:38.263Z,0.00
2025-03-31T04:02:30.438Z,0.00
2025-03-31T04:01:30.658Z,0.00
2025-03-31T04:00:30.386Z,0.00
2025-03-31T03:59:30.391Z,0.00
2025-03-31T03:58:30.514Z,0.00
2025-03-31T03:57:30.417Z,0.00
2025-03-31T03:56:31.843Z,0.00
2025-03-31T03:55:30.471Z,0.00
2025-03-31T03:54:30.452Z,0.00
2025-03-31T03:53:37.761Z,0.00
2025-03-31T03:52:30.517Z,0.00
2025-03-31T03:51:30.479Z,0.00
2025-03-31T03:50:30.495Z,0.00
2025-03-31T03:49:30.558Z,0.00
2025-03-31T03:48:30.630Z,0.00
2025-03-31T03:47:30.600Z,0.00
2025-03-31T03:46:30.573Z,0.00
2025-03-31T03:45:30.552Z,0.00
2025-03-31T03:44:35.239Z,0.00
2025-03-31T03:43:36.173Z,0.00
2025-03-31T03:42:30.592Z,0.00
2025-03-31T03:41:30.618Z,0.00
2025-03-31T03:40:30.627Z,0.00
2025-03-31T03:39:30.619Z,0.00
2025-03-31T03:38:30.637Z,0.00
2025-03-31T03:37:30.685Z,0.00
2025-03-31T03:36:30.710Z,0.00
2025-03-31T03:35:30.674Z,0.00
2025-03-31T03:34:30.798Z,0.00
2025-03-31T03:33:32.135Z,0.00
2025-03-31T03:32:30.730Z,0.00
2025-03-31T03:31:30.765Z,0.00
2025-03-31T03:30:30.711Z,0.00
2025-03-31T03:29:30.730Z,0.00
2025-03-31T03:28:30.821Z,0.00
2025-03-31T03:27:30.746Z,0.00
2025-03-31T03:26:30.763Z,0.00
2025-03-31T03:25:30.787Z,0.00
2025-03-31T03:24:30.783Z,0.00
2025-03-31T03:23:34.949Z,0.00
2025-03-31T03:22:30.831Z,0.00
2025-03-31T03:21:30.807Z,0.00
2025-03-31T03:20:30.827Z,0.00
2025-03-31T03:19:30.883Z,0.00
2025-03-31T03:18:30.951Z,0.00
2025-03-31T03:17:30.951Z,0.00
2025-03-31T03:16:30.905Z,0.00
2025-03-31T03:15:30.870Z,0.00
2025-03-31T03:14:30.926Z,0.00
2025-03-31T03:13:32.231Z,0.00
2025-03-31T03:12:30.908Z,0.00
2025-03-31T03:11:30.963Z,0.00
2025-03-31T03:10:31.020Z,0.00
2025-03-31T03:09:30.944Z,0.00
2025-03-31T03:08:30.953Z,0.00
2025-03-31T03:07:31.055Z,0.00
2025-03-31T03:06:30.975Z,0.00
2025-03-31T03:05:31.079Z,0.00
2025-03-31T03:04:31.135Z,0.00
2025-03-31T03:03:40.816Z,0.00
2025-03-31T03:02:31.217Z,0.00
2025-03-31T03:01:31.175Z,0.00
2025-03-31T03:00:30.058Z,0.00
